id_producto,id_variante,nombre_producto,mes_objetivo,cantidad_hace_3_meses,cantidad_hace_2_meses,cantidad_mes_anterior,cantidad_mes_objetivo
35,58,Balón de futbol marca voit,2022-12-01,16,0,3,1
34,62,Short deportivo para hombre marca nike,2022-12-01,11,0,0,4
33,64,Balón de futbol marca puma,2022-12-01,13,0,3,10
1,65,Playera marca Nike en color azulito,2022-12-01,21,0,2,11
20,66,Espinilleras color blanco y negro,2022-12-01,14,0,0,2
17,67,Playera  puma color cafe,2022-12-01,14,0,1,4
16,68,Calcetines negros,2022-12-01,9,0,0,6
5,69,Nike Phantom Elite Color Cafe,2022-12-01,22,0,0,10
2,70,Espinilleras Adidas Ghost Graphic,2022-12-01,12,0,0,5
26,71,Playera puma para niños color azul,2022-12-01,18,0,2,13
19,72,Muñequeras color negro marca adidas,2022-12-01,2,0,0,1
21,74,Gorra blanca nike,2022-12-01,22,0,0,4
12,75,Short para correr,2022-12-01,10,0,1,8
30,76,Playera puma para niños color blanca,2022-12-01,17,0,0,7
24,78,Playera puma color negra,2022-12-01,10,0,0,7
13,80,Short marca puma pa jugar,2022-12-01,7,0,0,8
23,81,Playera deportiva para niña marca puma,2022-12-01,25,0,0,12
37,82,Balón blanco marca puma,2022-12-01,9,0,1,5
38,83,Balón No.4 Morph marca Voit,2022-12-01,14,0,0,7
41,86,Playera Mujer Blusa Licra Deportivo Ejercicio Correr,2022-12-01,15,0,0,7
42,87,Tenis de la marca pirma originales,2022-12-01,14,0,0,7
43,88,"Tacos de futbol para hombre, en color azul con blanco",2022-12-01,13,0,1,6
53,92,Calcetines Under Armour Hombre 3 Pares Calcetas Original Negro-07 Logo 7-12us,2022-12-01,12,0,0,5
54,93,Playera Under Armour Casual Bubble Wordmark Niño 1389963,2022-12-01,16,0,0,2
66,96,Gorra negra para de la marca alo,2022-12-01,0,0,0,0
35,58,Balón de futbol marca voit,2023-01-01,0,3,1,47
34,62,Short deportivo para hombre marca nike,2023-01-01,0,0,4,21
33,64,Balón de futbol marca puma,2023-01-01,0,3,10,57
1,65,Playera marca Nike en color azulito,2023-01-01,0,2,11,53
20,66,Espinilleras color blanco y negro,2023-01-01,0,0,2,57
17,67,Playera  puma color cafe,2023-01-01,0,1,4,24
16,68,Calcetines negros,2023-01-01,0,0,6,33
5,69,Nike Phantom Elite Color Cafe,2023-01-01,0,0,10,37
2,70,Espinilleras Adidas Ghost Graphic,2023-01-01,0,0,5,53
26,71,Playera puma para niños color azul,2023-01-01,0,2,13,49
19,72,Muñequeras color negro marca adidas,2023-01-01,0,0,1,4
21,74,Gorra blanca nike,2023-01-01,0,0,4,21
12,75,Short para correr,2023-01-01,0,1,8,37
30,76,Playera puma para niños color blanca,2023-01-01,0,0,7,42
24,78,Playera puma color negra,2023-01-01,0,0,7,23
13,80,Short marca puma pa jugar,2023-01-01,0,0,8,17
23,81,Playera deportiva para niña marca puma,2023-01-01,0,0,12,54
37,82,Balón blanco marca puma,2023-01-01,0,1,5,50
38,83,Balón No.4 Morph marca Voit,2023-01-01,0,0,7,48
41,86,Playera Mujer Blusa Licra Deportivo Ejercicio Correr,2023-01-01,0,0,7,61
42,87,Tenis de la marca pirma originales,2023-01-01,0,0,7,31
43,88,"Tacos de futbol para hombre, en color azul con blanco",2023-01-01,0,1,6,48
53,92,Calcetines Under Armour Hombre 3 Pares Calcetas Original Negro-07 Logo 7-12us,2023-01-01,0,0,5,19
54,93,Playera Under Armour Casual Bubble Wordmark Niño 1389963,2023-01-01,0,0,2,25
66,96,Gorra negra para de la marca alo,2023-01-01,0,0,0,6
35,58,Balón de futbol marca voit,2023-02-01,3,1,47,5
34,62,Short deportivo para hombre marca nike,2023-02-01,0,4,21,9
33,64,Balón de futbol marca puma,2023-02-01,3,10,57,7
1,65,Playera marca Nike en color azulito,2023-02-01,2,11,53,12
20,66,Espinilleras color blanco y negro,2023-02-01,0,2,57,7
17,67,Playera  puma color cafe,2023-02-01,1,4,24,3
16,68,Calcetines negros,2023-02-01,0,6,33,4
5,69,Nike Phantom Elite Color Cafe,2023-02-01,0,10,37,13
2,70,Espinilleras Adidas Ghost Graphic,2023-02-01,0,5,53,12
26,71,Playera puma para niños color azul,2023-02-01,2,13,49,6
19,72,Muñequeras color negro marca adidas,2023-02-01,0,1,4,0
21,74,Gorra blanca nike,2023-02-01,0,4,21,11
12,75,Short para correr,2023-02-01,1,8,37,5
30,76,Playera puma para niños color blanca,2023-02-01,0,7,42,11
24,78,Playera puma color negra,2023-02-01,0,7,23,6
13,80,Short marca puma pa jugar,2023-02-01,0,8,17,8
23,81,Playera deportiva para niña marca puma,2023-02-01,0,12,54,14
37,82,Balón blanco marca puma,2023-02-01,1,5,50,12
38,83,Balón No.4 Morph marca Voit,2023-02-01,0,7,48,7
41,86,Playera Mujer Blusa Licra Deportivo Ejercicio Correr,2023-02-01,0,7,61,7
42,87,Tenis de la marca pirma originales,2023-02-01,0,7,31,6
43,88,"Tacos de futbol para hombre, en color azul con blanco",2023-02-01,1,6,48,14
53,92,Calcetines Under Armour Hombre 3 Pares Calcetas Original Negro-07 Logo 7-12us,2023-02-01,0,5,19,4
54,93,Playera Under Armour Casual Bubble Wordmark Niño 1389963,2023-02-01,0,2,25,6
66,96,Gorra negra para de la marca alo,2023-02-01,0,0,6,0
35,58,Balón de futbol marca voit,2023-03-01,1,47,5,9
34,62,Short deportivo para hombre marca nike,2023-03-01,4,21,9,12
33,64,Balón de futbol marca puma,2023-03-01,10,57,7,18
1,65,Playera marca Nike en color azulito,2023-03-01,11,53,12,20
20,66,Espinilleras color blanco y negro,2023-03-01,2,57,7,21
17,67,Playera  puma color cafe,2023-03-01,4,24,3,7
16,68,Calcetines negros,2023-03-01,6,33,4,15
5,69,Nike Phantom Elite Color Cafe,2023-03-01,10,37,13,17
2,70,Espinilleras Adidas Ghost Graphic,2023-03-01,5,53,12,24
26,71,Playera puma para niños color azul,2023-03-01,13,49,6,21
19,72,Muñequeras color negro marca adidas,2023-03-01,1,4,0,5
21,74,Gorra blanca nike,2023-03-01,4,21,11,10
12,75,Short para correr,2023-03-01,8,37,5,15
30,76,Playera puma para niños color blanca,2023-03-01,7,42,11,16
24,78,Playera puma color negra,2023-03-01,7,23,6,13
13,80,Short marca puma pa jugar,2023-03-01,8,17,8,10
23,81,Playera deportiva para niña marca puma,2023-03-01,12,54,14,17
37,82,Balón blanco marca puma,2023-03-01,5,50,12,23
38,83,Balón No.4 Morph marca Voit,2023-03-01,7,48,7,20
41,86,Playera Mujer Blusa Licra Deportivo Ejercicio Correr,2023-03-01,7,61,7,28
42,87,Tenis de la marca pirma originales,2023-03-01,7,31,6,20
43,88,"Tacos de futbol para hombre, en color azul con blanco",2023-03-01,6,48,14,22
53,92,Calcetines Under Armour Hombre 3 Pares Calcetas Original Negro-07 Logo 7-12us,2023-03-01,5,19,4,15
54,93,Playera Under Armour Casual Bubble Wordmark Niño 1389963,2023-03-01,2,25,6,3
66,96,Gorra negra para de la marca alo,2023-03-01,0,6,0,0
35,58,Balón de futbol marca voit,2023-04-01,47,5,9,11
34,62,Short deportivo para hombre marca nike,2023-04-01,21,9,12,5
33,64,Balón de futbol marca puma,2023-04-01,57,7,18,13
1,65,Playera marca Nike en color azulito,2023-04-01,53,12,20,17
20,66,Espinilleras color blanco y negro,2023-04-01,57,7,21,13
17,67,Playera  puma color cafe,2023-04-01,24,3,7,10
16,68,Calcetines negros,2023-04-01,33,4,15,12
5,69,Nike Phantom Elite Color Cafe,2023-04-01,37,13,17,19
2,70,Espinilleras Adidas Ghost Graphic,2023-04-01,53,12,24,14
26,71,Playera puma para niños color azul,2023-04-01,49,6,21,16
19,72,Muñequeras color negro marca adidas,2023-04-01,4,0,5,1
21,74,Gorra blanca nike,2023-04-01,21,11,10,10
12,75,Short para correr,2023-04-01,37,5,15,10
30,76,Playera puma para niños color blanca,2023-04-01,42,11,16,19
24,78,Playera puma color negra,2023-04-01,23,6,13,3
13,80,Short marca puma pa jugar,2023-04-01,17,8,10,10
23,81,Playera deportiva para niña marca puma,2023-04-01,54,14,17,8
37,82,Balón blanco marca puma,2023-04-01,50,12,23,10
38,83,Balón No.4 Morph marca Voit,2023-04-01,48,7,20,11
41,86,Playera Mujer Blusa Licra Deportivo Ejercicio Correr,2023-04-01,61,7,28,23
42,87,Tenis de la marca pirma originales,2023-04-01,31,6,20,15
43,88,"Tacos de futbol para hombre, en color azul con blanco",2023-04-01,48,14,22,7
53,92,Calcetines Under Armour Hombre 3 Pares Calcetas Original Negro-07 Logo 7-12us,2023-04-01,19,4,15,5
54,93,Playera Under Armour Casual Bubble Wordmark Niño 1389963,2023-04-01,25,6,3,7
66,96,Gorra negra para de la marca alo,2023-04-01,6,0,0,3
35,58,Balón de futbol marca voit,2023-05-01,5,9,11,27
34,62,Short deportivo para hombre marca nike,2023-05-01,9,12,5,9
33,64,Balón de futbol marca puma,2023-05-01,7,18,13,19
1,65,Playera marca Nike en color azulito,2023-05-01,12,20,17,25
20,66,Espinilleras color blanco y negro,2023-05-01,7,21,13,24
17,67,Playera  puma color cafe,2023-05-01,3,7,10,12
16,68,Calcetines negros,2023-05-01,4,15,12,27
5,69,Nike Phantom Elite Color Cafe,2023-05-01,13,17,19,30
2,70,Espinilleras Adidas Ghost Graphic,2023-05-01,12,24,14,16
26,71,Playera puma para niños color azul,2023-05-01,6,21,16,30
19,72,Muñequeras color negro marca adidas,2023-05-01,0,5,1,3
21,74,Gorra blanca nike,2023-05-01,11,10,10,6
12,75,Short para correr,2023-05-01,5,15,10,26
30,76,Playera puma para niños color blanca,2023-05-01,11,16,19,28
24,78,Playera puma color negra,2023-05-01,6,13,3,12
13,80,Short marca puma pa jugar,2023-05-01,8,10,10,14
23,81,Playera deportiva para niña marca puma,2023-05-01,14,17,8,31
37,82,Balón blanco marca puma,2023-05-01,12,23,10,33
38,83,Balón No.4 Morph marca Voit,2023-05-01,7,20,11,26
41,86,Playera Mujer Blusa Licra Deportivo Ejercicio Correr,2023-05-01,7,28,23,27
42,87,Tenis de la marca pirma originales,2023-05-01,6,20,15,16
43,88,"Tacos de futbol para hombre, en color azul con blanco",2023-05-01,14,22,7,31
53,92,Calcetines Under Armour Hombre 3 Pares Calcetas Original Negro-07 Logo 7-12us,2023-05-01,4,15,5,19
54,93,Playera Under Armour Casual Bubble Wordmark Niño 1389963,2023-05-01,6,3,7,11
66,96,Gorra negra para de la marca alo,2023-05-01,0,0,3,1
35,58,Balón de futbol marca voit,2023-06-01,9,11,27,25
34,62,Short deportivo para hombre marca nike,2023-06-01,12,5,9,23
33,64,Balón de futbol marca puma,2023-06-01,18,13,19,24
1,65,Playera marca Nike en color azulito,2023-06-01,20,17,25,45
20,66,Espinilleras color blanco y negro,2023-06-01,21,13,24,29
17,67,Playera  puma color cafe,2023-06-01,7,10,12,12
16,68,Calcetines negros,2023-06-01,15,12,27,19
5,69,Nike Phantom Elite Color Cafe,2023-06-01,17,19,30,40
2,70,Espinilleras Adidas Ghost Graphic,2023-06-01,24,14,16,34
26,71,Playera puma para niños color azul,2023-06-01,21,16,30,41
19,72,Muñequeras color negro marca adidas,2023-06-01,5,1,3,8
21,74,Gorra blanca nike,2023-06-01,10,10,6,17
12,75,Short para correr,2023-06-01,15,10,26,23
30,76,Playera puma para niños color blanca,2023-06-01,16,19,28,37
24,78,Playera puma color negra,2023-06-01,13,3,12,12
13,80,Short marca puma pa jugar,2023-06-01,10,10,14,16
23,81,Playera deportiva para niña marca puma,2023-06-01,17,8,31,22
37,82,Balón blanco marca puma,2023-06-01,23,10,33,36
38,83,Balón No.4 Morph marca Voit,2023-06-01,20,11,26,27
41,86,Playera Mujer Blusa Licra Deportivo Ejercicio Correr,2023-06-01,28,23,27,33
42,87,Tenis de la marca pirma originales,2023-06-01,20,15,16,21
43,88,"Tacos de futbol para hombre, en color azul con blanco",2023-06-01,22,7,31,33
53,92,Calcetines Under Armour Hombre 3 Pares Calcetas Original Negro-07 Logo 7-12us,2023-06-01,15,5,19,22
54,93,Playera Under Armour Casual Bubble Wordmark Niño 1389963,2023-06-01,3,7,11,15
66,96,Gorra negra para de la marca alo,2023-06-01,0,3,1,2
35,58,Balón de futbol marca voit,2023-07-01,11,27,25,22
34,62,Short deportivo para hombre marca nike,2023-07-01,5,9,23,14
33,64,Balón de futbol marca puma,2023-07-01,13,19,24,23
1,65,Playera marca Nike en color azulito,2023-07-01,17,25,45,20
20,66,Espinilleras color blanco y negro,2023-07-01,13,24,29,14
17,67,Playera  puma color cafe,2023-07-01,10,12,12,10
16,68,Calcetines negros,2023-07-01,12,27,19,1
5,69,Nike Phantom Elite Color Cafe,2023-07-01,19,30,40,22
2,70,Espinilleras Adidas Ghost Graphic,2023-07-01,14,16,34,19
26,71,Playera puma para niños color azul,2023-07-01,16,30,41,15
19,72,Muñequeras color negro marca adidas,2023-07-01,1,3,8,1
21,74,Gorra blanca nike,2023-07-01,10,6,17,14
12,75,Short para correr,2023-07-01,10,26,23,10
30,76,Playera puma para niños color blanca,2023-07-01,19,28,37,20
24,78,Playera puma color negra,2023-07-01,3,12,12,15
13,80,Short marca puma pa jugar,2023-07-01,10,14,16,12
23,81,Playera deportiva para niña marca puma,2023-07-01,8,31,22,33
37,82,Balón blanco marca puma,2023-07-01,10,33,36,16
38,83,Balón No.4 Morph marca Voit,2023-07-01,11,26,27,19
41,86,Playera Mujer Blusa Licra Deportivo Ejercicio Correr,2023-07-01,23,27,33,18
42,87,Tenis de la marca pirma originales,2023-07-01,15,16,21,13
43,88,"Tacos de futbol para hombre, en color azul con blanco",2023-07-01,7,31,33,20
53,92,Calcetines Under Armour Hombre 3 Pares Calcetas Original Negro-07 Logo 7-12us,2023-07-01,5,19,22,14
54,93,Playera Under Armour Casual Bubble Wordmark Niño 1389963,2023-07-01,7,11,15,10
66,96,Gorra negra para de la marca alo,2023-07-01,3,1,2,0
35,58,Balón de futbol marca voit,2023-08-01,27,25,22,28
34,62,Short deportivo para hombre marca nike,2023-08-01,9,23,14,7
33,64,Balón de futbol marca puma,2023-08-01,19,24,23,26
1,65,Playera marca Nike en color azulito,2023-08-01,25,45,20,18
20,66,Espinilleras color blanco y negro,2023-08-01,24,29,14,20
17,67,Playera  puma color cafe,2023-08-01,12,12,10,18
16,68,Calcetines negros,2023-08-01,27,19,1,8
5,69,Nike Phantom Elite Color Cafe,2023-08-01,30,40,22,20
2,70,Espinilleras Adidas Ghost Graphic,2023-08-01,16,34,19,29
26,71,Playera puma para niños color azul,2023-08-01,30,41,15,24
19,72,Muñequeras color negro marca adidas,2023-08-01,3,8,1,2
21,74,Gorra blanca nike,2023-08-01,6,17,14,14
12,75,Short para correr,2023-08-01,26,23,10,8
30,76,Playera puma para niños color blanca,2023-08-01,28,37,20,23
24,78,Playera puma color negra,2023-08-01,12,12,15,6
13,80,Short marca puma pa jugar,2023-08-01,14,16,12,10
23,81,Playera deportiva para niña marca puma,2023-08-01,31,22,33,19
37,82,Balón blanco marca puma,2023-08-01,33,36,16,24
38,83,Balón No.4 Morph marca Voit,2023-08-01,26,27,19,17
41,86,Playera Mujer Blusa Licra Deportivo Ejercicio Correr,2023-08-01,27,33,18,18
42,87,Tenis de la marca pirma originales,2023-08-01,16,21,13,14
43,88,"Tacos de futbol para hombre, en color azul con blanco",2023-08-01,31,33,20,23
53,92,Calcetines Under Armour Hombre 3 Pares Calcetas Original Negro-07 Logo 7-12us,2023-08-01,19,22,14,9
54,93,Playera Under Armour Casual Bubble Wordmark Niño 1389963,2023-08-01,11,15,10,14
66,96,Gorra negra para de la marca alo,2023-08-01,1,2,0,1
35,58,Balón de futbol marca voit,2023-09-01,25,22,28,27
34,62,Short deportivo para hombre marca nike,2023-09-01,23,14,7,11
33,64,Balón de futbol marca puma,2023-09-01,24,23,26,28
1,65,Playera marca Nike en color azulito,2023-09-01,45,20,18,19
20,66,Espinilleras color blanco y negro,2023-09-01,29,14,20,27
17,67,Playera  puma color cafe,2023-09-01,12,10,18,12
16,68,Calcetines negros,2023-09-01,19,1,8,18
5,69,Nike Phantom Elite Color Cafe,2023-09-01,40,22,20,29
2,70,Espinilleras Adidas Ghost Graphic,2023-09-01,34,19,29,22
26,71,Playera puma para niños color azul,2023-09-01,41,15,24,25
19,72,Muñequeras color negro marca adidas,2023-09-01,8,1,2,6
21,74,Gorra blanca nike,2023-09-01,17,14,14,13
12,75,Short para correr,2023-09-01,23,10,8,25
30,76,Playera puma para niños color blanca,2023-09-01,37,20,23,41
24,78,Playera puma color negra,2023-09-01,12,15,6,15
13,80,Short marca puma pa jugar,2023-09-01,16,12,10,17
23,81,Playera deportiva para niña marca puma,2023-09-01,22,33,19,34
37,82,Balón blanco marca puma,2023-09-01,36,16,24,35
38,83,Balón No.4 Morph marca Voit,2023-09-01,27,19,17,34
41,86,Playera Mujer Blusa Licra Deportivo Ejercicio Correr,2023-09-01,33,18,18,30
42,87,Tenis de la marca pirma originales,2023-09-01,21,13,14,26
43,88,"Tacos de futbol para hombre, en color azul con blanco",2023-09-01,33,20,23,17
53,92,Calcetines Under Armour Hombre 3 Pares Calcetas Original Negro-07 Logo 7-12us,2023-09-01,22,14,9,17
54,93,Playera Under Armour Casual Bubble Wordmark Niño 1389963,2023-09-01,15,10,14,15
66,96,Gorra negra para de la marca alo,2023-09-01,2,0,1,3
35,58,Balón de futbol marca voit,2023-10-01,22,28,27,14
34,62,Short deportivo para hombre marca nike,2023-10-01,14,7,11,16
33,64,Balón de futbol marca puma,2023-10-01,23,26,28,19
1,65,Playera marca Nike en color azulito,2023-10-01,20,18,19,30
20,66,Espinilleras color blanco y negro,2023-10-01,14,20,27,25
17,67,Playera  puma color cafe,2023-10-01,10,18,12,10
16,68,Calcetines negros,2023-10-01,1,8,18,15
5,69,Nike Phantom Elite Color Cafe,2023-10-01,22,20,29,26
2,70,Espinilleras Adidas Ghost Graphic,2023-10-01,19,29,22,25
26,71,Playera puma para niños color azul,2023-10-01,15,24,25,27
19,72,Muñequeras color negro marca adidas,2023-10-01,1,2,6,2
21,74,Gorra blanca nike,2023-10-01,14,14,13,14
12,75,Short para correr,2023-10-01,10,8,25,23
30,76,Playera puma para niños color blanca,2023-10-01,20,23,41,21
24,78,Playera puma color negra,2023-10-01,15,6,15,16
13,80,Short marca puma pa jugar,2023-10-01,12,10,17,11
23,81,Playera deportiva para niña marca puma,2023-10-01,33,19,34,25
37,82,Balón blanco marca puma,2023-10-01,16,24,35,13
38,83,Balón No.4 Morph marca Voit,2023-10-01,19,17,34,20
41,86,Playera Mujer Blusa Licra Deportivo Ejercicio Correr,2023-10-01,18,18,30,31
42,87,Tenis de la marca pirma originales,2023-10-01,13,14,26,17
43,88,"Tacos de futbol para hombre, en color azul con blanco",2023-10-01,20,23,17,23
53,92,Calcetines Under Armour Hombre 3 Pares Calcetas Original Negro-07 Logo 7-12us,2023-10-01,14,9,17,9
54,93,Playera Under Armour Casual Bubble Wordmark Niño 1389963,2023-10-01,10,14,15,10
66,96,Gorra negra para de la marca alo,2023-10-01,0,1,3,0
35,58,Balón de futbol marca voit,2023-11-01,28,27,14,15
34,62,Short deportivo para hombre marca nike,2023-11-01,7,11,16,9
33,64,Balón de futbol marca puma,2023-11-01,26,28,19,21
1,65,Playera marca Nike en color azulito,2023-11-01,18,19,30,32
20,66,Espinilleras color blanco y negro,2023-11-01,20,27,25,21
17,67,Playera  puma color cafe,2023-11-01,18,12,10,11
16,68,Calcetines negros,2023-11-01,8,18,15,17
5,69,Nike Phantom Elite Color Cafe,2023-11-01,20,29,26,33
2,70,Espinilleras Adidas Ghost Graphic,2023-11-01,29,22,25,21
26,71,Playera puma para niños color azul,2023-11-01,24,25,27,44
19,72,Muñequeras color negro marca adidas,2023-11-01,2,6,2,3
21,74,Gorra blanca nike,2023-11-01,14,13,14,7
12,75,Short para correr,2023-11-01,8,25,23,28
30,76,Playera puma para niños color blanca,2023-11-01,23,41,21,37
24,78,Playera puma color negra,2023-11-01,6,15,16,15
13,80,Short marca puma pa jugar,2023-11-01,10,17,11,6
23,81,Playera deportiva para niña marca puma,2023-11-01,19,34,25,40
37,82,Balón blanco marca puma,2023-11-01,24,35,13,28
38,83,Balón No.4 Morph marca Voit,2023-11-01,17,34,20,21
41,86,Playera Mujer Blusa Licra Deportivo Ejercicio Correr,2023-11-01,18,30,31,44
42,87,Tenis de la marca pirma originales,2023-11-01,14,26,17,14
43,88,"Tacos de futbol para hombre, en color azul con blanco",2023-11-01,23,17,23,19
53,92,Calcetines Under Armour Hombre 3 Pares Calcetas Original Negro-07 Logo 7-12us,2023-11-01,9,17,9,14
54,93,Playera Under Armour Casual Bubble Wordmark Niño 1389963,2023-11-01,14,15,10,11
66,96,Gorra negra para de la marca alo,2023-11-01,1,3,0,1
35,58,Balón de futbol marca voit,2023-12-01,27,14,15,14
34,62,Short deportivo para hombre marca nike,2023-12-01,11,16,9,9
33,64,Balón de futbol marca puma,2023-12-01,28,19,21,32
1,65,Playera marca Nike en color azulito,2023-12-01,19,30,32,33
20,66,Espinilleras color blanco y negro,2023-12-01,27,25,21,21
17,67,Playera  puma color cafe,2023-12-01,12,10,11,20
16,68,Calcetines negros,2023-12-01,18,15,17,9
5,69,Nike Phantom Elite Color Cafe,2023-12-01,29,26,33,23
2,70,Espinilleras Adidas Ghost Graphic,2023-12-01,22,25,21,24
26,71,Playera puma para niños color azul,2023-12-01,25,27,44,19
19,72,Muñequeras color negro marca adidas,2023-12-01,6,2,3,2
21,74,Gorra blanca nike,2023-12-01,13,14,7,12
12,75,Short para correr,2023-12-01,25,23,28,8
30,76,Playera puma para niños color blanca,2023-12-01,41,21,37,14
24,78,Playera puma color negra,2023-12-01,15,16,15,7
13,80,Short marca puma pa jugar,2023-12-01,17,11,6,8
23,81,Playera deportiva para niña marca puma,2023-12-01,34,25,40,21
37,82,Balón blanco marca puma,2023-12-01,35,13,28,18
38,83,Balón No.4 Morph marca Voit,2023-12-01,34,20,21,16
41,86,Playera Mujer Blusa Licra Deportivo Ejercicio Correr,2023-12-01,30,31,44,20
42,87,Tenis de la marca pirma originales,2023-12-01,26,17,14,11
43,88,"Tacos de futbol para hombre, en color azul con blanco",2023-12-01,17,23,19,27
53,92,Calcetines Under Armour Hombre 3 Pares Calcetas Original Negro-07 Logo 7-12us,2023-12-01,17,9,14,14
54,93,Playera Under Armour Casual Bubble Wordmark Niño 1389963,2023-12-01,15,10,11,15
66,96,Gorra negra para de la marca alo,2023-12-01,3,0,1,3
35,58,Balón de futbol marca voit,2024-01-01,14,15,14,23
34,62,Short deportivo para hombre marca nike,2024-01-01,16,9,9,15
33,64,Balón de futbol marca puma,2024-01-01,19,21,32,30
1,65,Playera marca Nike en color azulito,2024-01-01,30,32,33,28
20,66,Espinilleras color blanco y negro,2024-01-01,25,21,21,30
17,67,Playera  puma color cafe,2024-01-01,10,11,20,20
16,68,Calcetines negros,2024-01-01,15,17,9,15
5,69,Nike Phantom Elite Color Cafe,2024-01-01,26,33,23,22
2,70,Espinilleras Adidas Ghost Graphic,2024-01-01,25,21,24,24
26,71,Playera puma para niños color azul,2024-01-01,27,44,19,30
19,72,Muñequeras color negro marca adidas,2024-01-01,2,3,2,3
21,74,Gorra blanca nike,2024-01-01,14,7,12,19
12,75,Short para correr,2024-01-01,23,28,8,12
30,76,Playera puma para niños color blanca,2024-01-01,21,37,14,23
24,78,Playera puma color negra,2024-01-01,16,15,7,15
13,80,Short marca puma pa jugar,2024-01-01,11,6,8,17
23,81,Playera deportiva para niña marca puma,2024-01-01,25,40,21,21
37,82,Balón blanco marca puma,2024-01-01,13,28,18,29
38,83,Balón No.4 Morph marca Voit,2024-01-01,20,21,16,25
41,86,Playera Mujer Blusa Licra Deportivo Ejercicio Correr,2024-01-01,31,44,20,30
42,87,Tenis de la marca pirma originales,2024-01-01,17,14,11,20
43,88,"Tacos de futbol para hombre, en color azul con blanco",2024-01-01,23,19,27,30
53,92,Calcetines Under Armour Hombre 3 Pares Calcetas Original Negro-07 Logo 7-12us,2024-01-01,9,14,14,9
54,93,Playera Under Armour Casual Bubble Wordmark Niño 1389963,2024-01-01,10,11,15,13
66,96,Gorra negra para de la marca alo,2024-01-01,0,1,3,7
35,58,Balón de futbol marca voit,2024-02-01,15,14,23,23
34,62,Short deportivo para hombre marca nike,2024-02-01,9,9,15,11
33,64,Balón de futbol marca puma,2024-02-01,21,32,30,25
1,65,Playera marca Nike en color azulito,2024-02-01,32,33,28,27
20,66,Espinilleras color blanco y negro,2024-02-01,21,21,30,27
17,67,Playera  puma color cafe,2024-02-01,11,20,20,6
16,68,Calcetines negros,2024-02-01,17,9,15,16
5,69,Nike Phantom Elite Color Cafe,2024-02-01,33,23,22,23
2,70,Espinilleras Adidas Ghost Graphic,2024-02-01,21,24,24,25
26,71,Playera puma para niños color azul,2024-02-01,44,19,30,25
19,72,Muñequeras color negro marca adidas,2024-02-01,3,2,3,3
21,74,Gorra blanca nike,2024-02-01,7,12,19,13
12,75,Short para correr,2024-02-01,28,8,12,9
30,76,Playera puma para niños color blanca,2024-02-01,37,14,23,20
24,78,Playera puma color negra,2024-02-01,15,7,15,7
13,80,Short marca puma pa jugar,2024-02-01,6,8,17,13
23,81,Playera deportiva para niña marca puma,2024-02-01,40,21,21,20
37,82,Balón blanco marca puma,2024-02-01,28,18,29,19
38,83,Balón No.4 Morph marca Voit,2024-02-01,21,16,25,18
41,86,Playera Mujer Blusa Licra Deportivo Ejercicio Correr,2024-02-01,44,20,30,14
42,87,Tenis de la marca pirma originales,2024-02-01,14,11,20,23
43,88,"Tacos de futbol para hombre, en color azul con blanco",2024-02-01,19,27,30,28
53,92,Calcetines Under Armour Hombre 3 Pares Calcetas Original Negro-07 Logo 7-12us,2024-02-01,14,14,9,7
54,93,Playera Under Armour Casual Bubble Wordmark Niño 1389963,2024-02-01,11,15,13,5
66,96,Gorra negra para de la marca alo,2024-02-01,1,3,7,3
35,58,Balón de futbol marca voit,2024-03-01,14,23,23,21
34,62,Short deportivo para hombre marca nike,2024-03-01,9,15,11,15
33,64,Balón de futbol marca puma,2024-03-01,32,30,25,30
1,65,Playera marca Nike en color azulito,2024-03-01,33,28,27,29
20,66,Espinilleras color blanco y negro,2024-03-01,21,30,27,33
17,67,Playera  puma color cafe,2024-03-01,20,20,6,18
16,68,Calcetines negros,2024-03-01,9,15,16,26
5,69,Nike Phantom Elite Color Cafe,2024-03-01,23,22,23,30
2,70,Espinilleras Adidas Ghost Graphic,2024-03-01,24,24,25,21
26,71,Playera puma para niños color azul,2024-03-01,19,30,25,30
19,72,Muñequeras color negro marca adidas,2024-03-01,2,3,3,4
21,74,Gorra blanca nike,2024-03-01,12,19,13,21
12,75,Short para correr,2024-03-01,8,12,9,12
30,76,Playera puma para niños color blanca,2024-03-01,14,23,20,33
24,78,Playera puma color negra,2024-03-01,7,15,7,16
13,80,Short marca puma pa jugar,2024-03-01,8,17,13,18
23,81,Playera deportiva para niña marca puma,2024-03-01,21,21,20,20
37,82,Balón blanco marca puma,2024-03-01,18,29,19,27
38,83,Balón No.4 Morph marca Voit,2024-03-01,16,25,18,20
41,86,Playera Mujer Blusa Licra Deportivo Ejercicio Correr,2024-03-01,20,30,14,27
42,87,Tenis de la marca pirma originales,2024-03-01,11,20,23,13
43,88,"Tacos de futbol para hombre, en color azul con blanco",2024-03-01,27,30,28,29
53,92,Calcetines Under Armour Hombre 3 Pares Calcetas Original Negro-07 Logo 7-12us,2024-03-01,14,9,7,18
54,93,Playera Under Armour Casual Bubble Wordmark Niño 1389963,2024-03-01,15,13,5,17
66,96,Gorra negra para de la marca alo,2024-03-01,3,7,3,7
35,58,Balón de futbol marca voit,2024-04-01,23,23,21,27
34,62,Short deportivo para hombre marca nike,2024-04-01,15,11,15,14
33,64,Balón de futbol marca puma,2024-04-01,30,25,30,29
1,65,Playera marca Nike en color azulito,2024-04-01,28,27,29,19
20,66,Espinilleras color blanco y negro,2024-04-01,30,27,33,17
17,67,Playera  puma color cafe,2024-04-01,20,6,18,5
16,68,Calcetines negros,2024-04-01,15,16,26,19
5,69,Nike Phantom Elite Color Cafe,2024-04-01,22,23,30,26
2,70,Espinilleras Adidas Ghost Graphic,2024-04-01,24,25,21,13
26,71,Playera puma para niños color azul,2024-04-01,30,25,30,20
19,72,Muñequeras color negro marca adidas,2024-04-01,3,3,4,2
21,74,Gorra blanca nike,2024-04-01,19,13,21,10
12,75,Short para correr,2024-04-01,12,9,12,15
30,76,Playera puma para niños color blanca,2024-04-01,23,20,33,22
24,78,Playera puma color negra,2024-04-01,15,7,16,12
13,80,Short marca puma pa jugar,2024-04-01,17,13,18,13
23,81,Playera deportiva para niña marca puma,2024-04-01,21,20,20,19
37,82,Balón blanco marca puma,2024-04-01,29,19,27,19
38,83,Balón No.4 Morph marca Voit,2024-04-01,25,18,20,22
41,86,Playera Mujer Blusa Licra Deportivo Ejercicio Correr,2024-04-01,30,14,27,21
42,87,Tenis de la marca pirma originales,2024-04-01,20,23,13,12
43,88,"Tacos de futbol para hombre, en color azul con blanco",2024-04-01,30,28,29,18
53,92,Calcetines Under Armour Hombre 3 Pares Calcetas Original Negro-07 Logo 7-12us,2024-04-01,9,7,18,9
54,93,Playera Under Armour Casual Bubble Wordmark Niño 1389963,2024-04-01,13,5,17,6
66,96,Gorra negra para de la marca alo,2024-04-01,7,3,7,2
35,58,Balón de futbol marca voit,2024-05-01,23,21,27,25
34,62,Short deportivo para hombre marca nike,2024-05-01,11,15,14,15
33,64,Balón de futbol marca puma,2024-05-01,25,30,29,25
1,65,Playera marca Nike en color azulito,2024-05-01,27,29,19,31
20,66,Espinilleras color blanco y negro,2024-05-01,27,33,17,24
17,67,Playera  puma color cafe,2024-05-01,6,18,5,21
16,68,Calcetines negros,2024-05-01,16,26,19,15
5,69,Nike Phantom Elite Color Cafe,2024-05-01,23,30,26,26
2,70,Espinilleras Adidas Ghost Graphic,2024-05-01,25,21,13,27
26,71,Playera puma para niños color azul,2024-05-01,25,30,20,30
19,72,Muñequeras color negro marca adidas,2024-05-01,3,4,2,6
21,74,Gorra blanca nike,2024-05-01,13,21,10,9
12,75,Short para correr,2024-05-01,9,12,15,23
30,76,Playera puma para niños color blanca,2024-05-01,20,33,22,26
24,78,Playera puma color negra,2024-05-01,7,16,12,8
13,80,Short marca puma pa jugar,2024-05-01,13,18,13,15
23,81,Playera deportiva para niña marca puma,2024-05-01,20,20,19,29
37,82,Balón blanco marca puma,2024-05-01,19,27,19,29
38,83,Balón No.4 Morph marca Voit,2024-05-01,18,20,22,35
41,86,Playera Mujer Blusa Licra Deportivo Ejercicio Correr,2024-05-01,14,27,21,32
42,87,Tenis de la marca pirma originales,2024-05-01,23,13,12,16
43,88,"Tacos de futbol para hombre, en color azul con blanco",2024-05-01,28,29,18,18
53,92,Calcetines Under Armour Hombre 3 Pares Calcetas Original Negro-07 Logo 7-12us,2024-05-01,7,18,9,21
54,93,Playera Under Armour Casual Bubble Wordmark Niño 1389963,2024-05-01,5,17,6,13
66,96,Gorra negra para de la marca alo,2024-05-01,3,7,2,5
35,58,Balón de futbol marca voit,2024-06-01,21,27,25,17
34,62,Short deportivo para hombre marca nike,2024-06-01,15,14,15,15
33,64,Balón de futbol marca puma,2024-06-01,30,29,25,13
1,65,Playera marca Nike en color azulito,2024-06-01,29,19,31,25
20,66,Espinilleras color blanco y negro,2024-06-01,33,17,24,19
17,67,Playera  puma color cafe,2024-06-01,18,5,21,17
16,68,Calcetines negros,2024-06-01,26,19,15,27
5,69,Nike Phantom Elite Color Cafe,2024-06-01,30,26,26,24
2,70,Espinilleras Adidas Ghost Graphic,2024-06-01,21,13,27,19
26,71,Playera puma para niños color azul,2024-06-01,30,20,30,27
19,72,Muñequeras color negro marca adidas,2024-06-01,4,2,6,1
21,74,Gorra blanca nike,2024-06-01,21,10,9,19
12,75,Short para correr,2024-06-01,12,15,23,13
30,76,Playera puma para niños color blanca,2024-06-01,33,22,26,31
24,78,Playera puma color negra,2024-06-01,16,12,8,13
13,80,Short marca puma pa jugar,2024-06-01,18,13,15,14
23,81,Playera deportiva para niña marca puma,2024-06-01,20,19,29,24
37,82,Balón blanco marca puma,2024-06-01,27,19,29,17
38,83,Balón No.4 Morph marca Voit,2024-06-01,20,22,35,18
41,86,Playera Mujer Blusa Licra Deportivo Ejercicio Correr,2024-06-01,27,21,32,25
42,87,Tenis de la marca pirma originales,2024-06-01,13,12,16,23
43,88,"Tacos de futbol para hombre, en color azul con blanco",2024-06-01,29,18,18,19
53,92,Calcetines Under Armour Hombre 3 Pares Calcetas Original Negro-07 Logo 7-12us,2024-06-01,18,9,21,13
54,93,Playera Under Armour Casual Bubble Wordmark Niño 1389963,2024-06-01,17,6,13,13
66,96,Gorra negra para de la marca alo,2024-06-01,7,2,5,2
35,58,Balón de futbol marca voit,2024-07-01,27,25,17,14
34,62,Short deportivo para hombre marca nike,2024-07-01,14,15,15,15
33,64,Balón de futbol marca puma,2024-07-01,29,25,13,19
1,65,Playera marca Nike en color azulito,2024-07-01,19,31,25,25
20,66,Espinilleras color blanco y negro,2024-07-01,17,24,19,25
17,67,Playera  puma color cafe,2024-07-01,5,21,17,15
16,68,Calcetines negros,2024-07-01,19,15,27,16
5,69,Nike Phantom Elite Color Cafe,2024-07-01,26,26,24,21
2,70,Espinilleras Adidas Ghost Graphic,2024-07-01,13,27,19,23
26,71,Playera puma para niños color azul,2024-07-01,20,30,27,16
19,72,Muñequeras color negro marca adidas,2024-07-01,2,6,1,2
21,74,Gorra blanca nike,2024-07-01,10,9,19,10
12,75,Short para correr,2024-07-01,15,23,13,20
30,76,Playera puma para niños color blanca,2024-07-01,22,26,31,25
24,78,Playera puma color negra,2024-07-01,12,8,13,8
13,80,Short marca puma pa jugar,2024-07-01,13,15,14,18
23,81,Playera deportiva para niña marca puma,2024-07-01,19,29,24,21
37,82,Balón blanco marca puma,2024-07-01,19,29,17,23
38,83,Balón No.4 Morph marca Voit,2024-07-01,22,35,18,27
41,86,Playera Mujer Blusa Licra Deportivo Ejercicio Correr,2024-07-01,21,32,25,27
42,87,Tenis de la marca pirma originales,2024-07-01,12,16,23,18
43,88,"Tacos de futbol para hombre, en color azul con blanco",2024-07-01,18,18,19,23
53,92,Calcetines Under Armour Hombre 3 Pares Calcetas Original Negro-07 Logo 7-12us,2024-07-01,9,21,13,10
54,93,Playera Under Armour Casual Bubble Wordmark Niño 1389963,2024-07-01,6,13,13,19
66,96,Gorra negra para de la marca alo,2024-07-01,2,5,2,3
35,58,Balón de futbol marca voit,2024-08-01,25,17,14,31
34,62,Short deportivo para hombre marca nike,2024-08-01,15,15,15,13
33,64,Balón de futbol marca puma,2024-08-01,25,13,19,27
1,65,Playera marca Nike en color azulito,2024-08-01,31,25,25,28
20,66,Espinilleras color blanco y negro,2024-08-01,24,19,25,23
17,67,Playera  puma color cafe,2024-08-01,21,17,15,18
16,68,Calcetines negros,2024-08-01,15,27,16,19
5,69,Nike Phantom Elite Color Cafe,2024-08-01,26,24,21,29
2,70,Espinilleras Adidas Ghost Graphic,2024-08-01,27,19,23,31
26,71,Playera puma para niños color azul,2024-08-01,30,27,16,22
19,72,Muñequeras color negro marca adidas,2024-08-01,6,1,2,3
21,74,Gorra blanca nike,2024-08-01,9,19,10,18
12,75,Short para correr,2024-08-01,23,13,20,13
30,76,Playera puma para niños color blanca,2024-08-01,26,31,25,25
24,78,Playera puma color negra,2024-08-01,8,13,8,13
13,80,Short marca puma pa jugar,2024-08-01,15,14,18,22
23,81,Playera deportiva para niña marca puma,2024-08-01,29,24,21,30
37,82,Balón blanco marca puma,2024-08-01,29,17,23,17
38,83,Balón No.4 Morph marca Voit,2024-08-01,35,18,27,30
41,86,Playera Mujer Blusa Licra Deportivo Ejercicio Correr,2024-08-01,32,25,27,26
42,87,Tenis de la marca pirma originales,2024-08-01,16,23,18,10
43,88,"Tacos de futbol para hombre, en color azul con blanco",2024-08-01,18,19,23,24
53,92,Calcetines Under Armour Hombre 3 Pares Calcetas Original Negro-07 Logo 7-12us,2024-08-01,21,13,10,16
54,93,Playera Under Armour Casual Bubble Wordmark Niño 1389963,2024-08-01,13,13,19,14
66,96,Gorra negra para de la marca alo,2024-08-01,5,2,3,1
35,58,Balón de futbol marca voit,2024-09-01,17,14,31,32
34,62,Short deportivo para hombre marca nike,2024-09-01,15,15,13,19
33,64,Balón de futbol marca puma,2024-09-01,13,19,27,33
1,65,Playera marca Nike en color azulito,2024-09-01,25,25,28,36
20,66,Espinilleras color blanco y negro,2024-09-01,19,25,23,29
17,67,Playera  puma color cafe,2024-09-01,17,15,18,13
16,68,Calcetines negros,2024-09-01,27,16,19,29
5,69,Nike Phantom Elite Color Cafe,2024-09-01,24,21,29,28
2,70,Espinilleras Adidas Ghost Graphic,2024-09-01,19,23,31,31
26,71,Playera puma para niños color azul,2024-09-01,27,16,22,38
19,72,Muñequeras color negro marca adidas,2024-09-01,1,2,3,1
21,74,Gorra blanca nike,2024-09-01,19,10,18,11
12,75,Short para correr,2024-09-01,13,20,13,23
30,76,Playera puma para niños color blanca,2024-09-01,31,25,25,42
24,78,Playera puma color negra,2024-09-01,13,8,13,11
13,80,Short marca puma pa jugar,2024-09-01,14,18,22,15
23,81,Playera deportiva para niña marca puma,2024-09-01,24,21,30,40
37,82,Balón blanco marca puma,2024-09-01,17,23,17,30
38,83,Balón No.4 Morph marca Voit,2024-09-01,18,27,30,32
41,86,Playera Mujer Blusa Licra Deportivo Ejercicio Correr,2024-09-01,25,27,26,20
42,87,Tenis de la marca pirma originales,2024-09-01,23,18,10,15
43,88,"Tacos de futbol para hombre, en color azul con blanco",2024-09-01,19,23,24,31
53,92,Calcetines Under Armour Hombre 3 Pares Calcetas Original Negro-07 Logo 7-12us,2024-09-01,13,10,16,13
54,93,Playera Under Armour Casual Bubble Wordmark Niño 1389963,2024-09-01,13,19,14,5
66,96,Gorra negra para de la marca alo,2024-09-01,2,3,1,6
35,58,Balón de futbol marca voit,2024-10-01,14,31,32,25
34,62,Short deportivo para hombre marca nike,2024-10-01,15,13,19,18
33,64,Balón de futbol marca puma,2024-10-01,19,27,33,26
1,65,Playera marca Nike en color azulito,2024-10-01,25,28,36,30
20,66,Espinilleras color blanco y negro,2024-10-01,25,23,29,28
17,67,Playera  puma color cafe,2024-10-01,15,18,13,17
16,68,Calcetines negros,2024-10-01,16,19,29,15
5,69,Nike Phantom Elite Color Cafe,2024-10-01,21,29,28,36
2,70,Espinilleras Adidas Ghost Graphic,2024-10-01,23,31,31,14
26,71,Playera puma para niños color azul,2024-10-01,16,22,38,29
19,72,Muñequeras color negro marca adidas,2024-10-01,2,3,1,2
21,74,Gorra blanca nike,2024-10-01,10,18,11,17
12,75,Short para correr,2024-10-01,20,13,23,10
30,76,Playera puma para niños color blanca,2024-10-01,25,25,42,24
24,78,Playera puma color negra,2024-10-01,8,13,11,12
13,80,Short marca puma pa jugar,2024-10-01,18,22,15,10
23,81,Playera deportiva para niña marca puma,2024-10-01,21,30,40,26
37,82,Balón blanco marca puma,2024-10-01,23,17,30,27
38,83,Balón No.4 Morph marca Voit,2024-10-01,27,30,32,19
41,86,Playera Mujer Blusa Licra Deportivo Ejercicio Correr,2024-10-01,27,26,20,27
42,87,Tenis de la marca pirma originales,2024-10-01,18,10,15,20
43,88,"Tacos de futbol para hombre, en color azul con blanco",2024-10-01,23,24,31,19
53,92,Calcetines Under Armour Hombre 3 Pares Calcetas Original Negro-07 Logo 7-12us,2024-10-01,10,16,13,25
54,93,Playera Under Armour Casual Bubble Wordmark Niño 1389963,2024-10-01,19,14,5,13
66,96,Gorra negra para de la marca alo,2024-10-01,3,1,6,4
35,58,Balón de futbol marca voit,2024-11-01,31,32,25,30
34,62,Short deportivo para hombre marca nike,2024-11-01,13,19,18,15
33,64,Balón de futbol marca puma,2024-11-01,27,33,26,26
1,65,Playera marca Nike en color azulito,2024-11-01,28,36,30,24
20,66,Espinilleras color blanco y negro,2024-11-01,23,29,28,28
17,67,Playera  puma color cafe,2024-11-01,18,13,17,5
16,68,Calcetines negros,2024-11-01,19,29,15,8
5,69,Nike Phantom Elite Color Cafe,2024-11-01,29,28,36,22
2,70,Espinilleras Adidas Ghost Graphic,2024-11-01,31,31,14,23
26,71,Playera puma para niños color azul,2024-11-01,22,38,29,36
19,72,Muñequeras color negro marca adidas,2024-11-01,3,1,2,2
21,74,Gorra blanca nike,2024-11-01,18,11,17,8
12,75,Short para correr,2024-11-01,13,23,10,5
30,76,Playera puma para niños color blanca,2024-11-01,25,42,24,21
24,78,Playera puma color negra,2024-11-01,13,11,12,13
13,80,Short marca puma pa jugar,2024-11-01,22,15,10,13
23,81,Playera deportiva para niña marca puma,2024-11-01,30,40,26,25
37,82,Balón blanco marca puma,2024-11-01,17,30,27,29
38,83,Balón No.4 Morph marca Voit,2024-11-01,30,32,19,26
41,86,Playera Mujer Blusa Licra Deportivo Ejercicio Correr,2024-11-01,26,20,27,25
42,87,Tenis de la marca pirma originales,2024-11-01,10,15,20,13
43,88,"Tacos de futbol para hombre, en color azul con blanco",2024-11-01,24,31,19,23
53,92,Calcetines Under Armour Hombre 3 Pares Calcetas Original Negro-07 Logo 7-12us,2024-11-01,16,13,25,19
54,93,Playera Under Armour Casual Bubble Wordmark Niño 1389963,2024-11-01,14,5,13,16
66,96,Gorra negra para de la marca alo,2024-11-01,1,6,4,3
35,58,Balón de futbol marca voit,2024-12-01,32,25,30,25
34,62,Short deportivo para hombre marca nike,2024-12-01,19,18,15,19
33,64,Balón de futbol marca puma,2024-12-01,33,26,26,34
1,65,Playera marca Nike en color azulito,2024-12-01,36,30,24,27
20,66,Espinilleras color blanco y negro,2024-12-01,29,28,28,31
17,67,Playera  puma color cafe,2024-12-01,13,17,5,13
16,68,Calcetines negros,2024-12-01,29,15,8,16
5,69,Nike Phantom Elite Color Cafe,2024-12-01,28,36,22,30
2,70,Espinilleras Adidas Ghost Graphic,2024-12-01,31,14,23,29
26,71,Playera puma para niños color azul,2024-12-01,38,29,36,20
19,72,Muñequeras color negro marca adidas,2024-12-01,1,2,2,6
21,74,Gorra blanca nike,2024-12-01,11,17,8,18
12,75,Short para correr,2024-12-01,23,10,5,16
30,76,Playera puma para niños color blanca,2024-12-01,42,24,21,20
24,78,Playera puma color negra,2024-12-01,11,12,13,20
13,80,Short marca puma pa jugar,2024-12-01,15,10,13,23
23,81,Playera deportiva para niña marca puma,2024-12-01,40,26,25,25
37,82,Balón blanco marca puma,2024-12-01,30,27,29,20
38,83,Balón No.4 Morph marca Voit,2024-12-01,32,19,26,29
41,86,Playera Mujer Blusa Licra Deportivo Ejercicio Correr,2024-12-01,20,27,25,23
42,87,Tenis de la marca pirma originales,2024-12-01,15,20,13,20
43,88,"Tacos de futbol para hombre, en color azul con blanco",2024-12-01,31,19,23,26
53,92,Calcetines Under Armour Hombre 3 Pares Calcetas Original Negro-07 Logo 7-12us,2024-12-01,13,25,19,14
54,93,Playera Under Armour Casual Bubble Wordmark Niño 1389963,2024-12-01,5,13,16,17
66,96,Gorra negra para de la marca alo,2024-12-01,6,4,3,4
35,58,Balón de futbol marca voit,2025-01-01,25,30,25,21
34,62,Short deportivo para hombre marca nike,2025-01-01,18,15,19,19
33,64,Balón de futbol marca puma,2025-01-01,26,26,34,28
1,65,Playera marca Nike en color azulito,2025-01-01,30,24,27,24
20,66,Espinilleras color blanco y negro,2025-01-01,28,28,31,27
17,67,Playera  puma color cafe,2025-01-01,17,5,13,10
16,68,Calcetines negros,2025-01-01,15,8,16,14
5,69,Nike Phantom Elite Color Cafe,2025-01-01,36,22,30,26
2,70,Espinilleras Adidas Ghost Graphic,2025-01-01,14,23,29,26
26,71,Playera puma para niños color azul,2025-01-01,29,36,20,26
19,72,Muñequeras color negro marca adidas,2025-01-01,2,2,6,2
21,74,Gorra blanca nike,2025-01-01,17,8,18,14
12,75,Short para correr,2025-01-01,10,5,16,6
30,76,Playera puma para niños color blanca,2025-01-01,24,21,20,34
24,78,Playera puma color negra,2025-01-01,12,13,20,20
13,80,Short marca puma pa jugar,2025-01-01,10,13,23,13
23,81,Playera deportiva para niña marca puma,2025-01-01,26,25,25,20
37,82,Balón blanco marca puma,2025-01-01,27,29,20,17
38,83,Balón No.4 Morph marca Voit,2025-01-01,19,26,29,18
41,86,Playera Mujer Blusa Licra Deportivo Ejercicio Correr,2025-01-01,27,25,23,32
42,87,Tenis de la marca pirma originales,2025-01-01,20,13,20,21
43,88,"Tacos de futbol para hombre, en color azul con blanco",2025-01-01,19,23,26,18
53,92,Calcetines Under Armour Hombre 3 Pares Calcetas Original Negro-07 Logo 7-12us,2025-01-01,25,19,14,22
54,93,Playera Under Armour Casual Bubble Wordmark Niño 1389963,2025-01-01,13,16,17,17
66,96,Gorra negra para de la marca alo,2025-01-01,4,3,4,2
35,58,Balón de futbol marca voit,2025-02-01,30,25,21,11
34,62,Short deportivo para hombre marca nike,2025-02-01,15,19,19,7
33,64,Balón de futbol marca puma,2025-02-01,26,34,28,22
1,65,Playera marca Nike en color azulito,2025-02-01,24,27,24,36
20,66,Espinilleras color blanco y negro,2025-02-01,28,31,27,17
17,67,Playera  puma color cafe,2025-02-01,5,13,10,17
16,68,Calcetines negros,2025-02-01,8,16,14,9
5,69,Nike Phantom Elite Color Cafe,2025-02-01,22,30,26,36
2,70,Espinilleras Adidas Ghost Graphic,2025-02-01,23,29,26,16
26,71,Playera puma para niños color azul,2025-02-01,36,20,26,22
19,72,Muñequeras color negro marca adidas,2025-02-01,2,6,2,2
21,74,Gorra blanca nike,2025-02-01,8,18,14,7
12,75,Short para correr,2025-02-01,5,16,6,11
30,76,Playera puma para niños color blanca,2025-02-01,21,20,34,30
24,78,Playera puma color negra,2025-02-01,13,20,20,10
13,80,Short marca puma pa jugar,2025-02-01,13,23,13,13
23,81,Playera deportiva para niña marca puma,2025-02-01,25,25,20,22
37,82,Balón blanco marca puma,2025-02-01,29,20,17,32
38,83,Balón No.4 Morph marca Voit,2025-02-01,26,29,18,23
41,86,Playera Mujer Blusa Licra Deportivo Ejercicio Correr,2025-02-01,25,23,32,23
42,87,Tenis de la marca pirma originales,2025-02-01,13,20,21,18
43,88,"Tacos de futbol para hombre, en color azul con blanco",2025-02-01,23,26,18,23
53,92,Calcetines Under Armour Hombre 3 Pares Calcetas Original Negro-07 Logo 7-12us,2025-02-01,19,14,22,9
54,93,Playera Under Armour Casual Bubble Wordmark Niño 1389963,2025-02-01,16,17,17,4
66,96,Gorra negra para de la marca alo,2025-02-01,3,4,2,1
35,58,Balón de futbol marca voit,2025-03-01,25,21,11,28
34,62,Short deportivo para hombre marca nike,2025-03-01,19,19,7,20
33,64,Balón de futbol marca puma,2025-03-01,34,28,22,28
1,65,Playera marca Nike en color azulito,2025-03-01,27,24,36,46
20,66,Espinilleras color blanco y negro,2025-03-01,31,27,17,15
17,67,Playera  puma color cafe,2025-03-01,13,10,17,20
16,68,Calcetines negros,2025-03-01,16,14,9,24
5,69,Nike Phantom Elite Color Cafe,2025-03-01,30,26,36,32
2,70,Espinilleras Adidas Ghost Graphic,2025-03-01,29,26,16,27
26,71,Playera puma para niños color azul,2025-03-01,20,26,22,34
19,72,Muñequeras color negro marca adidas,2025-03-01,6,2,2,2
21,74,Gorra blanca nike,2025-03-01,18,14,7,20
12,75,Short para correr,2025-03-01,16,6,11,22
30,76,Playera puma para niños color blanca,2025-03-01,20,34,30,31
24,78,Playera puma color negra,2025-03-01,20,20,10,18
13,80,Short marca puma pa jugar,2025-03-01,23,13,13,30
23,81,Playera deportiva para niña marca puma,2025-03-01,25,20,22,24
37,82,Balón blanco marca puma,2025-03-01,20,17,32,21
38,83,Balón No.4 Morph marca Voit,2025-03-01,29,18,23,26
41,86,Playera Mujer Blusa Licra Deportivo Ejercicio Correr,2025-03-01,23,32,23,40
42,87,Tenis de la marca pirma originales,2025-03-01,20,21,18,23
43,88,"Tacos de futbol para hombre, en color azul con blanco",2025-03-01,26,18,23,35
53,92,Calcetines Under Armour Hombre 3 Pares Calcetas Original Negro-07 Logo 7-12us,2025-03-01,14,22,9,21
54,93,Playera Under Armour Casual Bubble Wordmark Niño 1389963,2025-03-01,17,17,4,12
66,96,Gorra negra para de la marca alo,2025-03-01,4,2,1,2
35,58,Balón de futbol marca voit,2025-04-01,21,11,28,23
34,62,Short deportivo para hombre marca nike,2025-04-01,19,7,20,11
33,64,Balón de futbol marca puma,2025-04-01,28,22,28,21
1,65,Playera marca Nike en color azulito,2025-04-01,24,36,46,30
20,66,Espinilleras color blanco y negro,2025-04-01,27,17,15,16
17,67,Playera  puma color cafe,2025-04-01,10,17,20,8
16,68,Calcetines negros,2025-04-01,14,9,24,10
5,69,Nike Phantom Elite Color Cafe,2025-04-01,26,36,32,27
2,70,Espinilleras Adidas Ghost Graphic,2025-04-01,26,16,27,21
26,71,Playera puma para niños color azul,2025-04-01,26,22,34,14
19,72,Muñequeras color negro marca adidas,2025-04-01,2,2,2,1
21,74,Gorra blanca nike,2025-04-01,14,7,20,6
12,75,Short para correr,2025-04-01,6,11,22,14
30,76,Playera puma para niños color blanca,2025-04-01,34,30,31,22
24,78,Playera puma color negra,2025-04-01,20,10,18,13
13,80,Short marca puma pa jugar,2025-04-01,13,13,30,15
23,81,Playera deportiva para niña marca puma,2025-04-01,20,22,24,24
37,82,Balón blanco marca puma,2025-04-01,17,32,21,16
38,83,Balón No.4 Morph marca Voit,2025-04-01,18,23,26,25
41,86,Playera Mujer Blusa Licra Deportivo Ejercicio Correr,2025-04-01,32,23,40,23
42,87,Tenis de la marca pirma originales,2025-04-01,21,18,23,16
43,88,"Tacos de futbol para hombre, en color azul con blanco",2025-04-01,18,23,35,13
53,92,Calcetines Under Armour Hombre 3 Pares Calcetas Original Negro-07 Logo 7-12us,2025-04-01,22,9,21,9
54,93,Playera Under Armour Casual Bubble Wordmark Niño 1389963,2025-04-01,17,4,12,14
66,96,Gorra negra para de la marca alo,2025-04-01,2,1,2,1
35,58,Balón de futbol marca voit,2025-05-01,11,28,23,16
34,62,Short deportivo para hombre marca nike,2025-05-01,7,20,11,20
33,64,Balón de futbol marca puma,2025-05-01,22,28,21,17
1,65,Playera marca Nike en color azulito,2025-05-01,36,46,30,21
20,66,Espinilleras color blanco y negro,2025-05-01,17,15,16,18
17,67,Playera  puma color cafe,2025-05-01,17,20,8,11
16,68,Calcetines negros,2025-05-01,9,24,10,12
5,69,Nike Phantom Elite Color Cafe,2025-05-01,36,32,27,23
2,70,Espinilleras Adidas Ghost Graphic,2025-05-01,16,27,21,18
26,71,Playera puma para niños color azul,2025-05-01,22,34,14,23
19,72,Muñequeras color negro marca adidas,2025-05-01,2,2,1,3
21,74,Gorra blanca nike,2025-05-01,7,20,6,8
12,75,Short para correr,2025-05-01,11,22,14,10
30,76,Playera puma para niños color blanca,2025-05-01,30,31,22,13
24,78,Playera puma color negra,2025-05-01,10,18,13,16
13,80,Short marca puma pa jugar,2025-05-01,13,30,15,10
23,81,Playera deportiva para niña marca puma,2025-05-01,22,24,24,19
37,82,Balón blanco marca puma,2025-05-01,32,21,16,16
38,83,Balón No.4 Morph marca Voit,2025-05-01,23,26,25,21
41,86,Playera Mujer Blusa Licra Deportivo Ejercicio Correr,2025-05-01,23,40,23,27
42,87,Tenis de la marca pirma originales,2025-05-01,18,23,16,17
43,88,"Tacos de futbol para hombre, en color azul con blanco",2025-05-01,23,35,13,15
53,92,Calcetines Under Armour Hombre 3 Pares Calcetas Original Negro-07 Logo 7-12us,2025-05-01,9,21,9,23
54,93,Playera Under Armour Casual Bubble Wordmark Niño 1389963,2025-05-01,4,12,14,10
66,96,Gorra negra para de la marca alo,2025-05-01,1,2,1,2
35,58,Balón de futbol marca voit,2025-06-01,28,23,16,34
34,62,Short deportivo para hombre marca nike,2025-06-01,20,11,20,14
33,64,Balón de futbol marca puma,2025-06-01,28,21,17,21
1,65,Playera marca Nike en color azulito,2025-06-01,46,30,21,24
20,66,Espinilleras color blanco y negro,2025-06-01,15,16,18,20
17,67,Playera  puma color cafe,2025-06-01,20,8,11,15
16,68,Calcetines negros,2025-06-01,24,10,12,21
5,69,Nike Phantom Elite Color Cafe,2025-06-01,32,27,23,28
2,70,Espinilleras Adidas Ghost Graphic,2025-06-01,27,21,18,22
26,71,Playera puma para niños color azul,2025-06-01,34,14,23,19
19,72,Muñequeras color negro marca adidas,2025-06-01,2,1,3,5
21,74,Gorra blanca nike,2025-06-01,20,6,8,18
12,75,Short para correr,2025-06-01,22,14,10,12
30,76,Playera puma para niños color blanca,2025-06-01,31,22,13,22
24,78,Playera puma color negra,2025-06-01,18,13,16,12
13,80,Short marca puma pa jugar,2025-06-01,30,15,10,20
23,81,Playera deportiva para niña marca puma,2025-06-01,24,24,19,24
37,82,Balón blanco marca puma,2025-06-01,21,16,16,22
38,83,Balón No.4 Morph marca Voit,2025-06-01,26,25,21,22
41,86,Playera Mujer Blusa Licra Deportivo Ejercicio Correr,2025-06-01,40,23,27,34
42,87,Tenis de la marca pirma originales,2025-06-01,23,16,17,17
43,88,"Tacos de futbol para hombre, en color azul con blanco",2025-06-01,35,13,15,19
53,92,Calcetines Under Armour Hombre 3 Pares Calcetas Original Negro-07 Logo 7-12us,2025-06-01,21,9,23,13
54,93,Playera Under Armour Casual Bubble Wordmark Niño 1389963,2025-06-01,12,14,10,5
66,96,Gorra negra para de la marca alo,2025-06-01,2,1,2,2
35,58,Balón de futbol marca voit,2025-07-01,23,16,34,26
34,62,Short deportivo para hombre marca nike,2025-07-01,11,20,14,26
33,64,Balón de futbol marca puma,2025-07-01,21,17,21,21
1,65,Playera marca Nike en color azulito,2025-07-01,30,21,24,30
20,66,Espinilleras color blanco y negro,2025-07-01,16,18,20,26
17,67,Playera  puma color cafe,2025-07-01,8,11,15,14
16,68,Calcetines negros,2025-07-01,10,12,21,24
5,69,Nike Phantom Elite Color Cafe,2025-07-01,27,23,28,45
2,70,Espinilleras Adidas Ghost Graphic,2025-07-01,21,18,22,20
26,71,Playera puma para niños color azul,2025-07-01,14,23,19,39
19,72,Muñequeras color negro marca adidas,2025-07-01,1,3,5,1
21,74,Gorra blanca nike,2025-07-01,6,8,18,6
12,75,Short para correr,2025-07-01,14,10,12,24
30,76,Playera puma para niños color blanca,2025-07-01,22,13,22,37
24,78,Playera puma color negra,2025-07-01,13,16,12,20
13,80,Short marca puma pa jugar,2025-07-01,15,10,20,16
23,81,Playera deportiva para niña marca puma,2025-07-01,24,19,24,33
37,82,Balón blanco marca puma,2025-07-01,16,16,22,29
38,83,Balón No.4 Morph marca Voit,2025-07-01,25,21,22,29
41,86,Playera Mujer Blusa Licra Deportivo Ejercicio Correr,2025-07-01,23,27,34,26
42,87,Tenis de la marca pirma originales,2025-07-01,16,17,17,18
43,88,"Tacos de futbol para hombre, en color azul con blanco",2025-07-01,13,15,19,24
53,92,Calcetines Under Armour Hombre 3 Pares Calcetas Original Negro-07 Logo 7-12us,2025-07-01,9,23,13,17
54,93,Playera Under Armour Casual Bubble Wordmark Niño 1389963,2025-07-01,14,10,5,6
66,96,Gorra negra para de la marca alo,2025-07-01,1,2,2,2
35,58,Balón de futbol marca voit,2025-08-01,16,34,26,24
34,62,Short deportivo para hombre marca nike,2025-08-01,20,14,26,12
33,64,Balón de futbol marca puma,2025-08-01,17,21,21,23
1,65,Playera marca Nike en color azulito,2025-08-01,21,24,30,23
20,66,Espinilleras color blanco y negro,2025-08-01,18,20,26,19
17,67,Playera  puma color cafe,2025-08-01,11,15,14,15
16,68,Calcetines negros,2025-08-01,12,21,24,8
5,69,Nike Phantom Elite Color Cafe,2025-08-01,23,28,45,28
2,70,Espinilleras Adidas Ghost Graphic,2025-08-01,18,22,20,22
26,71,Playera puma para niños color azul,2025-08-01,23,19,39,20
19,72,Muñequeras color negro marca adidas,2025-08-01,3,5,1,7
21,74,Gorra blanca nike,2025-08-01,8,18,6,14
12,75,Short para correr,2025-08-01,10,12,24,10
30,76,Playera puma para niños color blanca,2025-08-01,13,22,37,22
24,78,Playera puma color negra,2025-08-01,16,12,20,11
13,80,Short marca puma pa jugar,2025-08-01,10,20,16,24
23,81,Playera deportiva para niña marca puma,2025-08-01,19,24,33,25
37,82,Balón blanco marca puma,2025-08-01,16,22,29,30
38,83,Balón No.4 Morph marca Voit,2025-08-01,21,22,29,29
41,86,Playera Mujer Blusa Licra Deportivo Ejercicio Correr,2025-08-01,27,34,26,22
42,87,Tenis de la marca pirma originales,2025-08-01,17,17,18,12
43,88,"Tacos de futbol para hombre, en color azul con blanco",2025-08-01,15,19,24,34
53,92,Calcetines Under Armour Hombre 3 Pares Calcetas Original Negro-07 Logo 7-12us,2025-08-01,23,13,17,16
54,93,Playera Under Armour Casual Bubble Wordmark Niño 1389963,2025-08-01,10,5,6,15
66,96,Gorra negra para de la marca alo,2025-08-01,2,2,2,3
35,58,Balón de futbol marca voit,2025-09-01,34,26,24,23
34,62,Short deportivo para hombre marca nike,2025-09-01,14,26,12,15
33,64,Balón de futbol marca puma,2025-09-01,21,21,23,28
1,65,Playera marca Nike en color azulito,2025-09-01,24,30,23,29
20,66,Espinilleras color blanco y negro,2025-09-01,20,26,19,28
17,67,Playera  puma color cafe,2025-09-01,15,14,15,12
16,68,Calcetines negros,2025-09-01,21,24,8,18
5,69,Nike Phantom Elite Color Cafe,2025-09-01,28,45,28,24
2,70,Espinilleras Adidas Ghost Graphic,2025-09-01,22,20,22,19
26,71,Playera puma para niños color azul,2025-09-01,19,39,20,21
19,72,Muñequeras color negro marca adidas,2025-09-01,5,1,7,4
21,74,Gorra blanca nike,2025-09-01,18,6,14,12
12,75,Short para correr,2025-09-01,12,24,10,22
30,76,Playera puma para niños color blanca,2025-09-01,22,37,22,18
24,78,Playera puma color negra,2025-09-01,12,20,11,7
13,80,Short marca puma pa jugar,2025-09-01,20,16,24,14
23,81,Playera deportiva para niña marca puma,2025-09-01,24,33,25,17
37,82,Balón blanco marca puma,2025-09-01,22,29,30,14
38,83,Balón No.4 Morph marca Voit,2025-09-01,22,29,29,21
41,86,Playera Mujer Blusa Licra Deportivo Ejercicio Correr,2025-09-01,34,26,22,19
42,87,Tenis de la marca pirma originales,2025-09-01,17,18,12,21
43,88,"Tacos de futbol para hombre, en color azul con blanco",2025-09-01,19,24,34,18
53,92,Calcetines Under Armour Hombre 3 Pares Calcetas Original Negro-07 Logo 7-12us,2025-09-01,13,17,16,22
54,93,Playera Under Armour Casual Bubble Wordmark Niño 1389963,2025-09-01,5,6,15,12
66,96,Gorra negra para de la marca alo,2025-09-01,2,2,3,3
35,58,Balón de futbol marca voit,2025-10-01,26,24,23,34
34,62,Short deportivo para hombre marca nike,2025-10-01,26,12,15,10
33,64,Balón de futbol marca puma,2025-10-01,21,23,28,30
1,65,Playera marca Nike en color azulito,2025-10-01,30,23,29,25
20,66,Espinilleras color blanco y negro,2025-10-01,26,19,28,27
17,67,Playera  puma color cafe,2025-10-01,14,15,12,7
16,68,Calcetines negros,2025-10-01,24,8,18,18
5,69,Nike Phantom Elite Color Cafe,2025-10-01,45,28,24,17
2,70,Espinilleras Adidas Ghost Graphic,2025-10-01,20,22,19,20
26,71,Playera puma para niños color azul,2025-10-01,39,20,21,20
19,72,Muñequeras color negro marca adidas,2025-10-01,1,7,4,2
21,74,Gorra blanca nike,2025-10-01,6,14,12,17
12,75,Short para correr,2025-10-01,24,10,22,13
30,76,Playera puma para niños color blanca,2025-10-01,37,22,18,21
24,78,Playera puma color negra,2025-10-01,20,11,7,10
13,80,Short marca puma pa jugar,2025-10-01,16,24,14,17
23,81,Playera deportiva para niña marca puma,2025-10-01,33,25,17,20
37,82,Balón blanco marca puma,2025-10-01,29,30,14,21
38,83,Balón No.4 Morph marca Voit,2025-10-01,29,29,21,31
41,86,Playera Mujer Blusa Licra Deportivo Ejercicio Correr,2025-10-01,26,22,19,21
42,87,Tenis de la marca pirma originales,2025-10-01,18,12,21,10
43,88,"Tacos de futbol para hombre, en color azul con blanco",2025-10-01,24,34,18,27
53,92,Calcetines Under Armour Hombre 3 Pares Calcetas Original Negro-07 Logo 7-12us,2025-10-01,17,16,22,13
54,93,Playera Under Armour Casual Bubble Wordmark Niño 1389963,2025-10-01,6,15,12,14
66,96,Gorra negra para de la marca alo,2025-10-01,2,3,3,0
35,58,Balón de futbol marca voit,2025-11-01,24,23,34,16
34,62,Short deportivo para hombre marca nike,2025-11-01,12,15,10,11
33,64,Balón de futbol marca puma,2025-11-01,23,28,30,21
1,65,Playera marca Nike en color azulito,2025-11-01,23,29,25,27
20,66,Espinilleras color blanco y negro,2025-11-01,19,28,27,15
17,67,Playera  puma color cafe,2025-11-01,15,12,7,9
16,68,Calcetines negros,2025-11-01,8,18,18,6
5,69,Nike Phantom Elite Color Cafe,2025-11-01,28,24,17,20
2,70,Espinilleras Adidas Ghost Graphic,2025-11-01,22,19,20,26
26,71,Playera puma para niños color azul,2025-11-01,20,21,20,17
19,72,Muñequeras color negro marca adidas,2025-11-01,7,4,2,2
21,74,Gorra blanca nike,2025-11-01,14,12,17,12
12,75,Short para correr,2025-11-01,10,22,13,16
30,76,Playera puma para niños color blanca,2025-11-01,22,18,21,25
24,78,Playera puma color negra,2025-11-01,11,7,10,10
13,80,Short marca puma pa jugar,2025-11-01,24,14,17,13
23,81,Playera deportiva para niña marca puma,2025-11-01,25,17,20,21
37,82,Balón blanco marca puma,2025-11-01,30,14,21,17
38,83,Balón No.4 Morph marca Voit,2025-11-01,29,21,31,19
41,86,Playera Mujer Blusa Licra Deportivo Ejercicio Correr,2025-11-01,22,19,21,22
42,87,Tenis de la marca pirma originales,2025-11-01,12,21,10,12
43,88,"Tacos de futbol para hombre, en color azul con blanco",2025-11-01,34,18,27,20
53,92,Calcetines Under Armour Hombre 3 Pares Calcetas Original Negro-07 Logo 7-12us,2025-11-01,16,22,13,20
54,93,Playera Under Armour Casual Bubble Wordmark Niño 1389963,2025-11-01,15,12,14,21
66,96,Gorra negra para de la marca alo,2025-11-01,3,3,0,0
35,58,Balón de futbol marca voit,2025-12-01,23,34,16,20
34,62,Short deportivo para hombre marca nike,2025-12-01,15,10,11,15
33,64,Balón de futbol marca puma,2025-12-01,28,30,21,29
1,65,Playera marca Nike en color azulito,2025-12-01,29,25,27,29
20,66,Espinilleras color blanco y negro,2025-12-01,28,27,15,37
17,67,Playera  puma color cafe,2025-12-01,12,7,9,11
16,68,Calcetines negros,2025-12-01,18,18,6,17
5,69,Nike Phantom Elite Color Cafe,2025-12-01,24,17,20,33
2,70,Espinilleras Adidas Ghost Graphic,2025-12-01,19,20,26,32
26,71,Playera puma para niños color azul,2025-12-01,21,20,17,36
19,72,Muñequeras color negro marca adidas,2025-12-01,4,2,2,4
21,74,Gorra blanca nike,2025-12-01,12,17,12,16
12,75,Short para correr,2025-12-01,22,13,16,28
30,76,Playera puma para niños color blanca,2025-12-01,18,21,25,36
24,78,Playera puma color negra,2025-12-01,7,10,10,27
13,80,Short marca puma pa jugar,2025-12-01,14,17,13,22
23,81,Playera deportiva para niña marca puma,2025-12-01,17,20,21,40
37,82,Balón blanco marca puma,2025-12-01,14,21,17,35
38,83,Balón No.4 Morph marca Voit,2025-12-01,21,31,19,31
41,86,Playera Mujer Blusa Licra Deportivo Ejercicio Correr,2025-12-01,19,21,22,26
42,87,Tenis de la marca pirma originales,2025-12-01,21,10,12,31
43,88,"Tacos de futbol para hombre, en color azul con blanco",2025-12-01,18,27,20,28
53,92,Calcetines Under Armour Hombre 3 Pares Calcetas Original Negro-07 Logo 7-12us,2025-12-01,22,13,20,11
54,93,Playera Under Armour Casual Bubble Wordmark Niño 1389963,2025-12-01,12,14,21,18
66,96,Gorra negra para de la marca alo,2025-12-01,3,0,0,4
35,58,Balón de futbol marca voit,2026-01-01,34,16,20,12
34,62,Short deportivo para hombre marca nike,2026-01-01,10,11,15,13
33,64,Balón de futbol marca puma,2026-01-01,30,21,29,18
1,65,Playera marca Nike en color azulito,2026-01-01,25,27,29,23
20,66,Espinilleras color blanco y negro,2026-01-01,27,15,37,21
17,67,Playera  puma color cafe,2026-01-01,7,9,11,14
16,68,Calcetines negros,2026-01-01,18,6,17,9
5,69,Nike Phantom Elite Color Cafe,2026-01-01,17,20,33,17
2,70,Espinilleras Adidas Ghost Graphic,2026-01-01,20,26,32,19
26,71,Playera puma para niños color azul,2026-01-01,20,17,36,25
19,72,Muñequeras color negro marca adidas,2026-01-01,2,2,4,1
21,74,Gorra blanca nike,2026-01-01,17,12,16,13
12,75,Short para correr,2026-01-01,13,16,28,11
30,76,Playera puma para niños color blanca,2026-01-01,21,25,36,20
24,78,Playera puma color negra,2026-01-01,10,10,27,11
13,80,Short marca puma pa jugar,2026-01-01,17,13,22,12
23,81,Playera deportiva para niña marca puma,2026-01-01,20,21,40,22
37,82,Balón blanco marca puma,2026-01-01,21,17,35,24
38,83,Balón No.4 Morph marca Voit,2026-01-01,31,19,31,15
41,86,Playera Mujer Blusa Licra Deportivo Ejercicio Correr,2026-01-01,21,22,26,17
42,87,Tenis de la marca pirma originales,2026-01-01,10,12,31,13
43,88,"Tacos de futbol para hombre, en color azul con blanco",2026-01-01,27,20,28,12
53,92,Calcetines Under Armour Hombre 3 Pares Calcetas Original Negro-07 Logo 7-12us,2026-01-01,13,20,11,14
54,93,Playera Under Armour Casual Bubble Wordmark Niño 1389963,2026-01-01,14,21,18,3
66,96,Gorra negra para de la marca alo,2026-01-01,0,0,4,0
35,58,Balón de futbol marca voit,2026-02-01,16,20,12,22
34,62,Short deportivo para hombre marca nike,2026-02-01,11,15,13,9
33,64,Balón de futbol marca puma,2026-02-01,21,29,18,17
1,65,Playera marca Nike en color azulito,2026-02-01,27,29,23,29
20,66,Espinilleras color blanco y negro,2026-02-01,15,37,21,14
17,67,Playera  puma color cafe,2026-02-01,9,11,14,6
16,68,Calcetines negros,2026-02-01,6,17,9,7
5,69,Nike Phantom Elite Color Cafe,2026-02-01,20,33,17,23
2,70,Espinilleras Adidas Ghost Graphic,2026-02-01,26,32,19,13
26,71,Playera puma para niños color azul,2026-02-01,17,36,25,20
19,72,Muñequeras color negro marca adidas,2026-02-01,2,4,1,2
21,74,Gorra blanca nike,2026-02-01,12,16,13,12
12,75,Short para correr,2026-02-01,16,28,11,21
30,76,Playera puma para niños color blanca,2026-02-01,25,36,20,18
24,78,Playera puma color negra,2026-02-01,10,27,11,11
13,80,Short marca puma pa jugar,2026-02-01,13,22,12,3
23,81,Playera deportiva para niña marca puma,2026-02-01,21,40,22,15
37,82,Balón blanco marca puma,2026-02-01,17,35,24,16
38,83,Balón No.4 Morph marca Voit,2026-02-01,19,31,15,15
41,86,Playera Mujer Blusa Licra Deportivo Ejercicio Correr,2026-02-01,22,26,17,27
42,87,Tenis de la marca pirma originales,2026-02-01,12,31,13,25
43,88,"Tacos de futbol para hombre, en color azul con blanco",2026-02-01,20,28,12,16
53,92,Calcetines Under Armour Hombre 3 Pares Calcetas Original Negro-07 Logo 7-12us,2026-02-01,20,11,14,9
54,93,Playera Under Armour Casual Bubble Wordmark Niño 1389963,2026-02-01,21,18,3,13
66,96,Gorra negra para de la marca alo,2026-02-01,0,4,0,1
35,58,Balón de futbol marca voit,2026-03-01,20,12,22,21
34,62,Short deportivo para hombre marca nike,2026-03-01,15,13,9,9
33,64,Balón de futbol marca puma,2026-03-01,29,18,17,24
1,65,Playera marca Nike en color azulito,2026-03-01,29,23,29,24
20,66,Espinilleras color blanco y negro,2026-03-01,37,21,14,23
17,67,Playera  puma color cafe,2026-03-01,11,14,6,7
16,68,Calcetines negros,2026-03-01,17,9,7,9
5,69,Nike Phantom Elite Color Cafe,2026-03-01,33,17,23,17
2,70,Espinilleras Adidas Ghost Graphic,2026-03-01,32,19,13,13
26,71,Playera puma para niños color azul,2026-03-01,36,25,20,17
19,72,Muñequeras color negro marca adidas,2026-03-01,4,1,2,4
21,74,Gorra blanca nike,2026-03-01,16,13,12,12
12,75,Short para correr,2026-03-01,28,11,21,14
30,76,Playera puma para niños color blanca,2026-03-01,36,20,18,11
24,78,Playera puma color negra,2026-03-01,27,11,11,8
13,80,Short marca puma pa jugar,2026-03-01,22,12,3,5
23,81,Playera deportiva para niña marca puma,2026-03-01,40,22,15,17
37,82,Balón blanco marca puma,2026-03-01,35,24,16,21
38,83,Balón No.4 Morph marca Voit,2026-03-01,31,15,15,15
41,86,Playera Mujer Blusa Licra Deportivo Ejercicio Correr,2026-03-01,26,17,27,15
42,87,Tenis de la marca pirma originales,2026-03-01,31,13,25,11
43,88,"Tacos de futbol para hombre, en color azul con blanco",2026-03-01,28,12,16,19
53,92,Calcetines Under Armour Hombre 3 Pares Calcetas Original Negro-07 Logo 7-12us,2026-03-01,11,14,9,5
54,93,Playera Under Armour Casual Bubble Wordmark Niño 1389963,2026-03-01,18,3,13,13
66,96,Gorra negra para de la marca alo,2026-03-01,4,0,1,2
35,58,Balón de futbol marca voit,2026-04-01,12,22,21,22
34,62,Short deportivo para hombre marca nike,2026-04-01,13,9,9,17
33,64,Balón de futbol marca puma,2026-04-01,18,17,24,24
1,65,Playera marca Nike en color azulito,2026-04-01,23,29,24,21
20,66,Espinilleras color blanco y negro,2026-04-01,21,14,23,25
17,67,Playera  puma color cafe,2026-04-01,14,6,7,21
16,68,Calcetines negros,2026-04-01,9,7,9,17
5,69,Nike Phantom Elite Color Cafe,2026-04-01,17,23,17,33
2,70,Espinilleras Adidas Ghost Graphic,2026-04-01,19,13,13,23
26,71,Playera puma para niños color azul,2026-04-01,25,20,17,28
19,72,Muñequeras color negro marca adidas,2026-04-01,1,2,4,5
21,74,Gorra blanca nike,2026-04-01,13,12,12,16
12,75,Short para correr,2026-04-01,11,21,14,11
30,76,Playera puma para niños color blanca,2026-04-01,20,18,11,27
24,78,Playera puma color negra,2026-04-01,11,11,8,11
13,80,Short marca puma pa jugar,2026-04-01,12,3,5,17
23,81,Playera deportiva para niña marca puma,2026-04-01,22,15,17,31
37,82,Balón blanco marca puma,2026-04-01,24,16,21,30
38,83,Balón No.4 Morph marca Voit,2026-04-01,15,15,15,27
41,86,Playera Mujer Blusa Licra Deportivo Ejercicio Correr,2026-04-01,17,27,15,24
42,87,Tenis de la marca pirma originales,2026-04-01,13,25,11,25
43,88,"Tacos de futbol para hombre, en color azul con blanco",2026-04-01,12,16,19,30
53,92,Calcetines Under Armour Hombre 3 Pares Calcetas Original Negro-07 Logo 7-12us,2026-04-01,14,9,5,13
54,93,Playera Under Armour Casual Bubble Wordmark Niño 1389963,2026-04-01,3,13,13,9
66,96,Gorra negra para de la marca alo,2026-04-01,0,1,2,5
35,58,Balón de futbol marca voit,2026-05-01,22,21,22,15
34,62,Short deportivo para hombre marca nike,2026-05-01,9,9,17,9
33,64,Balón de futbol marca puma,2026-05-01,17,24,24,10
1,65,Playera marca Nike en color azulito,2026-05-01,29,24,21,16
20,66,Espinilleras color blanco y negro,2026-05-01,14,23,25,9
17,67,Playera  puma color cafe,2026-05-01,6,7,21,6
16,68,Calcetines negros,2026-05-01,7,9,17,8
5,69,Nike Phantom Elite Color Cafe,2026-05-01,23,17,33,13
2,70,Espinilleras Adidas Ghost Graphic,2026-05-01,13,13,23,10
26,71,Playera puma para niños color azul,2026-05-01,20,17,28,7
19,72,Muñequeras color negro marca adidas,2026-05-01,2,4,5,0
21,74,Gorra blanca nike,2026-05-01,12,12,16,9
12,75,Short para correr,2026-05-01,21,14,11,5
30,76,Playera puma para niños color blanca,2026-05-01,18,11,27,10
24,78,Playera puma color negra,2026-05-01,11,8,11,3
13,80,Short marca puma pa jugar,2026-05-01,3,5,17,10
23,81,Playera deportiva para niña marca puma,2026-05-01,15,17,31,15
37,82,Balón blanco marca puma,2026-05-01,16,21,30,9
38,83,Balón No.4 Morph marca Voit,2026-05-01,15,15,27,12
41,86,Playera Mujer Blusa Licra Deportivo Ejercicio Correr,2026-05-01,27,15,24,15
42,87,Tenis de la marca pirma originales,2026-05-01,25,11,25,5
43,88,"Tacos de futbol para hombre, en color azul con blanco",2026-05-01,16,19,30,12
53,92,Calcetines Under Armour Hombre 3 Pares Calcetas Original Negro-07 Logo 7-12us,2026-05-01,9,5,13,8
54,93,Playera Under Armour Casual Bubble Wordmark Niño 1389963,2026-05-01,13,13,9,4
66,96,Gorra negra para de la marca alo,2026-05-01,1,2,5,2
35,58,Balón de futbol marca voit,2026-06-01,21,22,15,42
34,62,Short deportivo para hombre marca nike,2026-06-01,9,17,9,17
33,64,Balón de futbol marca puma,2026-06-01,24,24,10,59
1,65,Playera marca Nike en color azulito,2026-06-01,24,21,16,55
20,66,Espinilleras color blanco y negro,2026-06-01,23,25,9,54
17,67,Playera  puma color cafe,2026-06-01,7,21,6,24
16,68,Calcetines negros,2026-06-01,9,17,8,21
5,69,Nike Phantom Elite Color Cafe,2026-06-01,17,33,13,56
2,70,Espinilleras Adidas Ghost Graphic,2026-06-01,13,23,10,46
26,71,Playera puma para niños color azul,2026-06-01,17,28,7,55
19,72,Muñequeras color negro marca adidas,2026-06-01,4,5,0,6
21,74,Gorra blanca nike,2026-06-01,12,16,9,21
12,75,Short para correr,2026-06-01,14,11,5,32
30,76,Playera puma para niños color blanca,2026-06-01,11,27,10,55
24,78,Playera puma color negra,2026-06-01,8,11,3,24
13,80,Short marca puma pa jugar,2026-06-01,5,17,10,28
23,81,Playera deportiva para niña marca puma,2026-06-01,17,31,15,68
37,82,Balón blanco marca puma,2026-06-01,21,30,9,47
38,83,Balón No.4 Morph marca Voit,2026-06-01,15,27,12,51
41,86,Playera Mujer Blusa Licra Deportivo Ejercicio Correr,2026-06-01,15,24,15,65
42,87,Tenis de la marca pirma originales,2026-06-01,11,25,5,37
43,88,"Tacos de futbol para hombre, en color azul con blanco",2026-06-01,19,30,12,51
53,92,Calcetines Under Armour Hombre 3 Pares Calcetas Original Negro-07 Logo 7-12us,2026-06-01,5,13,8,27
54,93,Playera Under Armour Casual Bubble Wordmark Niño 1389963,2026-06-01,13,9,4,29
66,96,Gorra negra para de la marca alo,2026-06-01,2,5,2,3
